{
  "rules": {
    "report":{
			"$id":{
        ".read": false,
        ".write": "auth != null && newData.child('uid').val() === auth.uid && !data.exists()",
        ".validate": "newData.hasChildren(['id', 'reason', 'type']) && $id.length <= 100",
        "$child":{
          ".validate":"($child === 'id' || $child === 'reason' || $child === 'type'  || $child === 'uid' ||
                       $child === 'email') && newData.isString() && newData.val().length <= 100"
        }
      }
    },
    "feedback":{
			"$id":{
        ".read": false,
        ".write": "!data.exists() && newData.exists()",
        ".validate":"$id.length <= 100",
        "$f":{
          ".validate": "$f === 'text' || $f === 'uid'"
        },
        "text":{
          ".validate":"newData.isString() && newData.val().length <= 4000"
        },
        "uid":{
          ".validate":"newData.isString() && newData.val().length <= 100"
        }
      }
    },
    "categories":{
      ".read": true,
      ".write": false
    },
    "public":{
      ".read": true,
      "channels":{
        "$id":{
          ".write": "auth != null && (newData.child('uid').val() === auth.uid || !newData.exists()) && 
          					 (!data.exists() || data.exists() && data.child('uid').val() === auth.uid)",
          ".validate":"$id !== '' && $id === $id.toLowerCase() && !$id.matches(/.*(\\s).*/) && $id.length <= 100",
          "$f":{
            ".validate": "$f === 'identity' || $f === 'about' || $f === 'values' || $f === 'uid'"
          },

          "identity":{
            "$f2":{
              ".validate": "$f2 === 'id' || $f2 === 'name' || $f2 === 'profilePic' || $f2 === 'coverPic'"
            },
            "id":{
              ".validate": "newData.val() === $id"
            },
            "name":{
              ".validate": "newData.val().replace(' ','').toLowerCase() === $id"
            },
            "profilePic":{
              ".validate": "newData.isString() && newData.val().length <= 1000"
            },
            "coverPic":{
              ".validate": "newData.isString() && newData.val().length <= 1000"
            }
          },
          "about":{
            "$f3":{
              ".validate": "$f3 === 'description' || $f3 === 'contact' || $f3 === 'links'"
            },
            "description":{
              ".validate":"newData.isString() && newData.val().length <= 2000"
            },
            "contact":{
              ".validate":"newData.isString() && newData.val().length <= 500"
            },
            "links":{
              "$index":{
                "$f4":{
                  ".validate": "$f4 === 'id' || $f4 === 'name' || $f4 === 'url'"
                },
                "id":{
                  ".validate":"newData.isNumber()"
                },
                "name":{
                  ".validate":"newData.isString() && newData.val().length <= 200"
                },
                "url":{
                  ".validate":"newData.isString() && newData.val().length <= 1000"
                }
              }
            }
          },
          "values":{
            "$f":{
              ".validate": "$f === 'likes' || $f === 'subscribers'"
            },
            "likes":{
              ".validate":"!data.exists() && newData.val() === 0"
            },
            "subscribers":{
              ".validate":"!data.exists() && newData.val() === 0"
            }
          }
        }
      },


      "collections":{
        ".indexOn":["channel", "content/nameSearch"],
        "$id":{
          ".write": "auth != null && (newData.child('uid').val() === auth.uid || !newData.exists())&& 
          					 (!data.exists() || data.exists() && data.child('uid').val() === auth.uid)",
        	".validate" : "root.child('private/' + newData.child('uid').val() + '/user/channels/' + newData.child('channel').val()).exists() && 
          							 (!data.exists() || data.exists() && data.child('channel').val() === newData.child('channel').val())",
          "values":{
            ".validate":"!data.exists() && newData.child('nrPosts').val() === 0"
          }
        }
      },
      "posts":{
        ".indexOn": ["channel","content/collection","values/collection","content/titleSearch","values/category_new","values/category_hot",
                     "values/rating","values/type_new", "values/type_hot", "values/channel_new","values/channel_hot"],
        "$id":{
          ".write": "auth != null && (newData.child('uid').val() === auth.uid || !newData.exists())&& 
          					 (!data.exists() || data.exists() && data.child('uid').val() === auth.uid)",
        	".validate" : "root.child('private/' + newData.child('uid').val() + '/user/channels/' + newData.child('channel').val()).exists() && 
          							 (!data.exists() || data.exists() && data.child('channel').val() === newData.child('channel').val())",
          "ref":{
            ".validate": "!data.exists()"
          },
          "content":{
            ".validate":"root.child('private/' + auth.uid + '/user/channels/' + root.child('public/collections/' + 
            						 newData.child('collection').val() + '/channel').val()).exists()"
          },
          "values":{
            "likes":{
              ".validate":"!data.exists() && newData.val() === 0"
            },
            "comments":{
              ".validate":"!data.exists() && newData.val() === 0"
            },
            "collection":{
              ".validate":"newData.val().beginsWith(root.child('/public/posts/' + $id + '/content/collection').val())"
            },
            "$filters":{
              ".validate":"true"
            }
          }
        }      
      },
      "comments":{
        ".indexOn": ["values/comment_new","values/comment_hot","values/replay"],
        "$id":{
          ".write": "auth != null && (newData.child('uid').val() === auth.uid || !newData.exists())&& 
                     (!data.exists() || data.exists() && data.child('uid').val() === auth.uid)"
        }
      }
    },
    "private":{
      "$uid":{
        ".read":"$uid === auth.uid && auth !== null",
        ".write":"$uid === auth.uid && auth !== null",
        "user":{
          "settings":{
        		".write":"auth != null && $uid === auth.uid",
            ".validate": true
          },
          "channels":{
            "$id":{
              ".write":"auth != null && $uid === auth.uid && (newData.exists() ||
                        !newData.exists() && !root.child('public/channels/' + $id).exists())",
              ".validate":"$id !== '' && $id === $id.toLowerCase() && !$id.matches(/.*(\\s).*/)"
            }
          }
        },
        "notifications":{
          "$id":{
            "seen":{
							".write":"auth != null && $uid === auth.uid"
            } 
          }
        },
        "stopNotifications":{
          "$id":{
            ".write":"auth != null && $uid === auth.uid"
          }
        },
        "usefulList":{
          ".indexOn": "id",
          "$id":{
            ".write":"auth != null && $uid === auth.uid"
          }
        },
        "likes":{
          "$id":{
            ".write": "auth != null && $uid === auth.uid && newData.exists() && 
            					 (newData.child('state').val() === 'on' || newData.child('state').val() === 'off')"
          }
        },
        "subscribed":{
          "$id":{
            ".write": "auth != null && $uid === auth.uid && newData.exists() && 
            					 (newData.child('state').val() === 'on' || newData.child('state').val() === 'off')"
          }
        }
      }
    }
  }
}